year_month,mean_negativity_combined,mean_negativity_eng,mean_negativity_tha,mean_sentiment_combined,mean_sentiment_eng,mean_sentiment_tha,n_articles_combined,n_articles_eng,n_articles_tha,gasohol95_retail_bkk,diesel_retail_bkk,gasohol95_wholesale,diesel_wholesale,epu_us,epu_china,epu_global,gpr_global,gpr_global_acts,gpr_thailand,gpr_idn,gpr_mys,gpr_vnm,gpr_phl
2017-01,0.3129496402877698,0.3071428571428571,0.3188405797101449,0.0169064748201438,0.0185714285714285,0.0152173913043478,139.0,70.0,69.0,27.63,26.43,26.12583472,24.62398697,195.0,428.0,144.13548387096773,105.20123291015625,103.17117309570312,0.010129659436643124,0.040518637746572495,0.045583467930555344,0.035453807562589645,0.09116693586111069
2017-02,0.3523571428571428,0.3492647058823529,0.3552777777777777,-0.0542857142857142,-0.0419117647058823,-0.0659722222222222,140.0,68.0,72.0,28.1,26.57,26.19192314,24.82915396,178.0,444.0,119.42750000000001,114.20635986328125,97.15160369873047,0.005507214460521936,0.04405771568417549,0.13217315077781677,0.04405771568417549,0.06057935953140259
2017-03,0.3520134228187919,0.3439189189189189,0.36,-0.0313422818791946,0.0182432432432432,-0.0802666666666666,149.0,74.0,75.0,26.94,25.8,24.9653549,23.95386565,155.0,331.0,112.85290322580646,96.63587951660156,95.67454528808594,0.019227072596549988,0.03364737704396248,0.1634301096200943,0.024033838883042336,0.038454145193099976
2017-04,0.3107476635514019,0.3146551724137931,0.3061224489795918,-0.0088785046728971,0.0422413793103448,-0.0693877551020408,107.0,58.0,49.0,27.36,25.57,25.45052269,23.88764407,158.0,246.0,101.35633333333334,119.45992279052734,108.06884002685547,0.021015025675296783,0.05253756418824196,0.04728380963206291,0.02626878209412098,0.04203005135059357
2017-05,0.3176767676767677,0.3418032786885246,0.2789473684210526,-0.0121212121212121,0.030327868852459,-0.0802631578947368,99.0,61.0,38.0,26.87,25.02,24.76802475,23.45315347,130.0,313.0,92.18935483870968,102.57996368408203,99.70480346679688,0.0761575922369957,0.04569455608725548,0.08123476803302765,0.040617384016513824,0.20308692753314972
2017-06,0.3576530612244897,0.4601851851851852,0.2318181818181818,-0.0440816326530612,-0.1244444444444444,0.0545454545454545,98.0,54.0,44.0,25.82,24.17,23.42825222,22.38639835,121.0,307.0,95.05999999999999,126.78901672363281,146.67166137695312,0.025799794122576714,0.0567595474421978,0.061919502913951874,0.01031991746276617,0.13931888341903687
2017-07,0.2962264150943396,0.2992063492063492,0.2918604651162791,0.0028301886792452,0.0555555555555555,-0.0744186046511627,106.0,63.0,43.0,25.71,24.52,23.85094627,22.88139193,141.0,263.0,100.40903225806451,102.81346130371094,71.9550552368164,0.021194297820329666,0.03179144859313965,0.026492873206734657,0.010597148910164833,0.0635828971862793
2017-08,0.3005102040816327,0.3225,0.2657894736842105,-0.0020408163265306,-0.0066666666666666,0.0052631578947368,98.0,60.0,38.0,26.66,24.99,24.79548169,23.18702533,138.0,277.0,73.28774193548388,138.5316162109375,108.43595123291016,0.032044436782598495,0.016022218391299248,0.032044436782598495,0.026703696697950363,0.2136295735836029
2017-09,0.3456730769230769,0.3324999999999999,0.3636363636363636,-0.0899038461538461,-0.0108333333333333,-0.1977272727272727,104.0,60.0,44.0,27.42,25.46,25.39249786,24.01495627,117.0,227.0,84.18766666666667,115.5344467163086,84.09626770019531,0.019973035901784897,0.06491237133741379,0.06990562379360199,0.009986517950892448,0.039946071803569794
2017-10,0.2330434782608695,0.2786764705882353,0.1670212765957447,-0.0213043478260869,-0.0705882352941176,0.05,115.0,68.0,47.0,27.24,25.93,25.36760736,24.22889767,126.0,169.0,70.21064516129033,91.4615707397461,69.15699768066406,0.020290561020374298,0.012174336239695549,0.032464899122714996,0.040581122040748596,0.10956902801990509
2017-11,0.315754716981132,0.3345070422535211,0.2777142857142857,-0.0783018867924528,-0.0556338028169014,-0.1242857142857142,106.0,71.0,35.0,28.07,26.46,26.30779938,24.96375177,111.0,141.0,91.195,92.59601593017578,80.11587524414062,0.025248274207115173,0.00420804601162672,0.05049654841423035,0.02945632115006447,0.16832183301448822
2017-12,0.29216,0.2958227848101266,0.2858695652173913,-0.03872,-0.0245569620253164,-0.0630434782608695,125.0,79.0,46.0,28,26.7,26.13299417,25.16298518,140.0,177.0,90.5725806451613,82.71825408935547,62.65747833251953,0.009138261899352074,0.03198391571640968,0.0776752233505249,0.01370739284902811,0.018276523798704147
2018-01,0.324390243902439,0.3343023255813953,0.3013513513513514,-0.007560975609756,0.0147674418604651,-0.0594594594594594,123.0,86.0,37.0,28.18,27.52,26.39517347,25.95285459,161.0,155.0,114.80000000000001,92.42678833007812,75.66629028320312,0.0390455536544323,0.043383948504924774,0.0390455536544323,0.026030369102954865,0.04772234335541725
2018-02,0.3170731707317073,0.348125,0.2593023255813954,-0.0499999999999999,-0.0631249999999999,-0.0255813953488372,123.0,80.0,43.0,27.77,26.93,25.87602086,25.19024298,115.0,179.0,84.03857142857143,64.49137115478516,52.002201080322266,0.046498652547597885,0.0,0.013949595391750336,0.009299729950726032,0.013949595391750336
2018-03,0.3590090090090089,0.3943661971830985,0.29625,-0.0941441441441441,-0.0866197183098591,-0.1075,111.0,71.0,40.0,27.67,26.91,25.78971193,25.10330785,187.0,195.0,76.3758064516129,111.96229553222656,64.55758666992188,0.02805161476135254,0.036066360771656036,0.09617696702480316,0.02805161476135254,0.06411797553300858
2018-04,0.3240196078431372,0.3361538461538462,0.3027027027027026,0.0208823529411764,0.0335384615384615,-0.0013513513513513,102.0,65.0,37.0,28.16,27.49,26.31045136,25.81722524,139.0,213.0,88.596,123.26347351074219,94.30585479736328,0.017276378348469734,0.012957284227013588,0.030233662575483322,0.012957284227013588,0.017276378348469734
2018-05,0.4532710280373832,0.4292857142857142,0.4986486486486486,-0.0887850467289719,-0.0371428571428571,-0.1864864864864865,107.0,70.0,37.0,29.4,28.96,27.40380465,27.0333108,162.0,280.0,87.8674193548387,125.66661834716797,63.21790313720703,0.012606101110577583,0.05462643876671791,0.06723254173994064,0.025212202221155167,0.07143457233905792
2018-06,0.3856060606060606,0.436,0.228125,-0.0787878787878788,-0.128,0.075,66.0,50.0,16.0,29.25,28.79,27.26107762,27.02837908,134.0,298.0,103.78933333333333,103.96858978271484,56.64043426513672,0.03304283320903778,0.08260708302259445,0.07021601498126984,0.03304283320903778,0.07021601498126984
2018-07,0.2752272727272727,0.2742028985507246,0.2789473684210526,0.0480681818181818,0.0605797101449275,0.0026315789473684,88.0,69.0,19.0,29.49,28.87,27.62320653,27.0278371,176.0,327.0,99.52677419354839,110.02842712402344,84.4084701538086,0.038423772901296616,0.029885156080126762,0.017077231779694557,0.05123169720172882,0.004269307944923639
2018-08,0.3582278481012658,0.3169354838709677,0.5088235294117647,-0.0487341772151898,-0.0080645161290322,-0.1970588235294117,79.0,62.0,17.0,29.85,29.25,27.82871691,27.41777665,115.0,419.0,85.71451612903226,112.74168395996094,68.57559204101562,0.03583105653524399,0.044788822531700134,0.04030993953347206,0.031352173537015915,0.03583105653524399
2018-09,0.3823170731707316,0.3385245901639344,0.5095238095238095,-0.0914634146341463,-0.0286885245901639,-0.2738095238095238,82.0,61.0,21.0,30.76,29.8,28.51704387,28.0794742,121.0,408.0,67.36266666666667,75.05390930175781,51.163917541503906,0.029399411752820015,0.00839983206242323,0.01679966412484646,0.00839983206242323,0.01679966412484646
2018-10,0.4080459770114942,0.4313432835820895,0.3299999999999999,-0.082183908045977,-0.1313432835820895,0.0824999999999999,87.0,67.0,20.0,30.81,29.89,28.42295246,28.16757045,136.0,561.0,90.25129032258064,92.0164794921875,61.150474548339844,0.06178942322731018,0.053550831973552704,0.03295435756444931,0.008238589391112328,0.06178942322731018
2018-11,0.3426315789473684,0.3657142857142857,0.278,0.0226315789473684,-0.07,0.282,95.0,70.0,25.0,28.99,29.14,26.59163347,26.8608014,165.0,469.0,79.472,80.40758514404297,47.40216827392578,0.004238545428961515,0.012715635821223259,0.00847709085792303,0.01695418171584606,0.03390836343169212
2018-12,0.3588888888888889,0.4129166666666666,0.2148148148148148,-0.0179797979797979,-0.0684722222222222,0.1166666666666666,99.0,72.0,27.0,27.11,26.49,24.63201542,23.94690873,227.0,658.0,127.53290322580645,90.607666015625,66.24092864990234,0.009387467987835407,0.004693733993917704,0.004693733993917704,0.014081201516091824,0.014081201516091824
2019-01,0.5097029702970297,0.5274698795180723,0.4277777777777778,-0.2059405940594059,-0.2397590361445783,-0.0499999999999999,101.0,83.0,18.0,26.3,25.55,23.97641603,23.51419872,284.0,536.0,146.58741935483872,87.42410278320312,55.7335090637207,0.038249045610427856,0.038249045610427856,0.01699957437813282,0.05099872499704361,0.025499362498521805
2019-02,0.3527450980392157,0.3497619047619048,0.3666666666666666,-0.0534313725490196,-0.0297619047619047,-0.1638888888888889,102.0,84.0,18.0,26.96,26.5,24.61978248,24.43927887,124.0,654.0,82.65035714285715,96.80016326904297,57.51169967651367,0.028325937688350677,0.023604948073625565,0.004720989614725113,0.1085827574133873,0.01888395845890045
2019-03,0.3051282051282051,0.3242647058823529,0.175,0.0102564102564102,-0.0014705882352941,0.09,78.0,68.0,10.0,28.52,27.39,26.50615459,25.19640722,181.0,528.0,94.65645161290323,82.32829284667969,66.64120483398438,0.008342371322214603,0.033369485288858414,0.02919829823076725,0.10010845214128494,0.0583965964615345
2019-04,0.3468085106382978,0.3567164179104477,0.3222222222222222,-0.051595744680851,-0.1,0.0685185185185185,94.0,67.0,27.0,29.57,27.61,27.81395842,25.72284264,110.0,471.0,78.739,79.25344848632812,57.51552963256836,0.008953353390097618,0.04029008746147156,0.008953353390097618,0.058196794241666794,0.04476676508784294
2019-05,0.3777777777777777,0.378169014084507,0.3763157894736842,-0.0685555555555555,-0.0988732394366197,0.0447368421052631,90.0,71.0,19.0,29.39,27.92,27.17867362,25.8096831,161.0,658.0,94.45225806451613,106.4719009399414,64.66343688964844,0.05587552487850189,0.15903034806251526,0.05587552487850189,0.08166423439979553,0.07306799292564392
2019-06,0.3629032258064516,0.4088235294117647,0.238,0.0129032258064516,-0.0676470588235294,0.2319999999999999,93.0,68.0,25.0,27.49,26.23,25.0273199,24.12236967,208.0,765.0,137.37066666666666,106.58845520019531,53.42063903808594,0.06040210649371147,0.038829926401376724,0.08197428286075592,0.043144360184669495,0.06903097778558731
2019-07,0.3827472527472527,0.4128947368421052,0.23,-0.0865934065934066,-0.1247368421052631,0.1066666666666666,91.0,76.0,15.0,28.04,26.61,25.95711043,24.59606754,208.0,506.0,94.79645161290323,93.52125549316406,47.41885757446289,0.03981948643922806,0.030970711261034012,0.022121936082839966,0.07521457970142365,0.03981948643922806
2019-08,0.3274774774774774,0.3452127659574468,0.2294117647058823,-0.0364864864864864,-0.0707446808510638,0.1529411764705882,111.0,94.0,17.0,27.52,25.92,25.30678248,24.0080319,283.0,755.0,155.2332258064516,103.4044189453125,70.09744262695312,0.10618529468774796,0.008848774246871471,0.004424387123435736,0.02654632367193699,0.048668257892131805
2019-09,0.4274509803921568,0.4717948717948718,0.2833333333333333,-0.1200980392156862,-0.1948717948717948,0.1229166666666666,102.0,78.0,24.0,27.54,25.98,25.50397155,24.15295485,187.0,677.0,118.307,90.36798858642578,67.81023406982422,0.0,0.008857788518071175,0.022144470363855362,0.05757562443614006,0.008857788518071175
2019-10,0.3489516129032258,0.3846753246753246,0.2904255319148936,-0.0408870967741935,-0.1294805194805194,0.1042553191489361,124.0,77.0,47.0,26.94,25.68,24.79716802,23.78266877,160.0,785.0,98.00290322580646,97.83673095703125,69.96658325195312,0.0,0.042041536420583725,0.004204153548926115,0.029429076239466667,0.042041536420583725
2019-11,0.382072072072072,0.3728395061728395,0.407,-0.1045045045045044,-0.1166666666666666,-0.0716666666666666,111.0,81.0,30.0,26.95,25.72,25.00085894,23.686636,170.0,599.0,81.042,73.07838439941406,53.03253173828125,0.022007042542099953,0.0,0.0,0.035211268812417984,0.022007042542099953
2019-12,0.2939516129032258,0.3038888888888889,0.2676470588235294,0.0387096774193548,0.0044444444444444,0.1294117647058823,124.0,90.0,34.0,26.85,26.4,24.69454105,24.59642008,191.0,767.0,121.3074193548387,74.27989196777344,63.33135223388672,0.043685078620910645,0.009707795456051826,0.02912338636815548,0.04853897541761398,0.01456169318407774
2020-01,0.4565254237288135,0.4940449438202247,0.3413793103448276,-0.1100847457627118,-0.1953932584269663,0.1517241379310345,118.0,89.0,29.0,26.38,27.33,24.13784127,25.13479227,165.0,620.0,110.07451612903226,138.4209442138672,81.65093994140625,0.030884623527526855,0.03970880061388016,0.04412089288234711,0.05294506996870041,0.035296712070703506
2020-02,0.341869918699187,0.3761904761904762,0.2679487179487179,-0.0178861788617886,-0.1398809523809523,0.2448717948717949,123.0,84.0,39.0,25.78,25.91,23.60163554,23.82298864,216.0,610.0,113.26,75.95555877685547,56.68605041503906,0.04458314925432205,0.031208204105496407,0.04458314925432205,0.022291574627161026,0.06241640821099281
2020-03,0.520752688172043,0.6026666666666667,0.1794444444444444,-0.2527956989247312,-0.4088,0.3972222222222222,93.0,75.0,18.0,21.83,22.9,18.66869639,20.84816813,426.0,643.0,380.3896774193548,81.54003143310547,62.90298843383789,0.029929878190159798,0.029929878190159798,0.02137848548591137,0.04275697097182274,0.04275697097182274
2020-04,0.4790322580645161,0.4986842105263158,0.3911764705882353,-0.1808602150537634,-0.2114473684210526,-0.0441176470588235,93.0,76.0,17.0,17.57,19.43,14.91291489,17.32608247,401.0,672.0,555.3246666666666,69.33940124511719,47.59123229980469,0.02321154996752739,0.04642309993505478,0.013926929794251919,0.027853859588503838,0.055707719177007675
2020-05,0.4264423076923077,0.4244047619047619,0.435,-0.1825961538461538,-0.1838095238095238,-0.1775,104.0,84.0,20.0,19.15,19.14,16.99661205,17.48590873,504.0,766.0,484.18225806451613,68.50721740722656,42.29555892944336,0.03604902699589729,0.027036769315600395,0.02253064140677452,0.04055515676736832,0.009012256748974323
2020-06,0.3876237623762376,0.388125,0.3857142857142857,-0.0772277227722772,-0.103375,0.0223809523809523,101.0,80.0,21.0,21.34666667,21.65,18.98486662,19.42864,300.0,848.0,313.916,71.22785949707031,49.760887145996094,0.027685493230819702,0.018456995487213135,0.03691399097442627,0.04152823984622955,0.05075673758983612
2020-07,0.3635514018691588,0.404320987654321,0.2365384615384615,-0.1670093457943925,-0.2255555555555555,0.0153846153846153,107.0,81.0,26.0,21.65,22.32,19.17785044,20.00527487,428.0,788.0,359.45258064516133,66.47328186035156,36.25208282470703,0.01350195799022913,0.02700391598045826,0.02700391598045826,0.01800261065363884,0.06300913542509079
2020-08,0.3872093023255814,0.3753846153846153,0.4238095238095238,-0.1293023255813953,-0.1226153846153846,-0.15,86.0,65.0,21.0,21.75,22.15,19.3989463,19.85982274,263.0,771.0,298.5867741935484,65.46604919433594,28.454627990722656,0.06678836792707443,0.026715347543358803,0.02226278930902481,0.004452557768672705,0.02226278930902481
2020-09,0.3180952380952381,0.29625,0.3879999999999999,-0.0461904761904761,-0.05875,-0.0059999999999999,105.0,80.0,25.0,21.63,21.35,19.22084139,18.9835103,253.0,685.0,247.73666666666668,80.37738037109375,49.51808166503906,0.02240544930100441,0.01344326976686716,0.02688653953373432,0.0044810897670686245,0.04481089860200882
2020-10,0.3359649122807017,0.3975,0.1911764705882352,-0.1043859649122807,-0.18,0.0735294117647058,57.0,40.0,17.0,21.72,21.74,19.1764495,19.27698894,306.0,732.0,271.4293548387097,76.08316802978516,42.68144226074219,0.008436326868832111,0.0,0.008436326868832111,0.008436326868832111,0.008436326868832111
2020-11,0.3193548387096774,0.2435483870967741,0.4709677419354838,0.0032258064516129,0.0709677419354838,-0.132258064516129,93.0,62.0,31.0,21.55,22.56,18.94716032,20.22061722,328.0,856.0,264.6863333333333,70.06746673583984,62.31394577026367,0.009177259169518948,0.0,0.013765888288617134,0.018354518339037895,0.027531776577234268
2020-12,0.3316483516483516,0.3236986301369863,0.3638888888888889,0.0032967032967032,0.0027397260273972,0.0055555555555555,91.0,73.0,18.0,22.63,24.07,20.16082251,21.71607836,327.0,529.0,238.67387096774195,64.06729125976562,31.744428634643555,0.0,0.023607175797224045,0.014164306223392487,0.004721435252577066,0.0330500453710556
2021-01,0.3125,0.2941489361702128,0.3909090909090909,0.0357758620689655,0.0643617021276595,-0.0863636363636363,116.0,94.0,22.0,23.84,24.74,21.40965088,22.54442221,261.0,633.0,216.06225806451613,77.418701171875,48.2874870300293,0.0,0.013269051909446716,0.004423017613589764,0.03980715572834015,0.022115087136626244
2021-02,0.3595505617977528,0.3361538461538462,0.4229166666666666,-0.0730337078651685,-0.0146153846153846,-0.2312499999999999,89.0,65.0,24.0,25.39,26.31,22.73951668,24.05182404,188.0,471.0,154.39642857142857,73.95680236816406,46.326778411865234,0.140150785446167,0.05799342691898346,0.043495070189237595,0.06765899807214737,0.02899671345949173
2021-03,0.4097701149425287,0.3682539682539682,0.5187499999999999,-0.0720689655172413,-0.036031746031746,-0.1666666666666666,87.0,63.0,24.0,26.54,26.83,24.07718563,24.59629236,167.0,375.0,176.70193548387098,78.61876678466797,49.41804122924805,0.10480349510908127,0.04803493618965149,0.026200873777270317,0.008733624592423439,0.030567685142159462
2021-04,0.28875,0.29765625,0.253125,0.021875,0.04765625,-0.08125,80.0,64.0,16.0,26.79,26.63,24.36994707,24.33292712,141.0,351.0,122.48066666666666,88.16622161865234,67.87379455566406,0.03724568337202072,0.04190139099955559,0.06983565539121628,0.09776991605758667,0.04655710235238075
2021-05,0.4496842105263158,0.4556626506024096,0.4083333333333334,-0.1444210526315789,-0.1749397590361445,0.0666666666666666,95.0,83.0,12.0,27.46,27.54,24.89660236,25.48035096,172.0,375.0,129.4448387096774,93.00713348388672,52.62611389160156,0.06360745429992676,0.03180372714996338,0.07269422709941864,0.0454338937997818,0.0227169468998909
2021-06,0.3332530120481927,0.3193150684931506,0.4349999999999999,-0.0493975903614457,-0.0438356164383561,-0.09,83.0,73.0,10.0,28.12,28.50333333,25.84317789,26.50849274,149.0,281.0,113.146,74.12712097167969,46.34864044189453,0.04177497327327728,0.009283327497541904,0.009283327497541904,0.02784998156130314,0.01392499078065157
2021-07,0.3434782608695652,0.3298780487804878,0.4549999999999999,-0.0842391304347826,-0.0591463414634146,-0.29,92.0,82.0,10.0,29.41451613,28.96419355,27.20150762,27.20775688,182.0,402.0,130.01032258064518,58.42076873779297,50.7158317565918,0.008962983265519142,0.0,0.008962983265519142,0.04929640516638756,0.03585193306207657
2021-08,0.3085365853658536,0.3215277777777777,0.215,0.0091463414634146,-0.0159722222222222,0.19,82.0,72.0,10.0,29.46,29,26.74045753,27.04132653,157.0,427.0,124.14419354838711,89.4865493774414,76.48285675048828,0.0,0.028964517638087273,0.0,0.2124064713716507,0.004827419761568308
2021-09,0.3525,0.3301470588235294,0.4791666666666667,-0.051,-0.0166176470588235,-0.2458333333333333,80.0,68.0,12.0,29.75,29.61,27.08443588,28.15541077,171.0,325.0,120.22966666666666,80.69696807861328,67.94027709960938,0.028089888393878937,0.02340823970735073,0.018726591020822525,0.08895131200551987,0.02340823970735073
2021-10,0.5103092783505154,0.512,0.5045454545454545,-0.2319587628865979,-0.2506666666666666,-0.1681818181818181,97.0,75.0,22.0,31.51774194,29.61903226,29.90468587,28.84039704,137.0,276.0,109.64838709677419,79.02923583984375,61.149112701416016,0.00896177813410759,0.00896177813410759,0.013442667201161385,0.02688533440232277,0.040327999740839005
2021-11,0.4300961538461539,0.4598809523809524,0.305,-0.0809615384615384,-0.1597619047619047,0.25,104.0,84.0,20.0,31.99,29.44,29.47897847,27.68578698,176.0,272.0,135.15266666666668,86.56914520263672,39.74269104003906,0.03316749632358551,0.004738213494420052,0.018952853977680206,0.018952853977680206,0.018952853977680206
2021-12,0.350561797752809,0.3507042253521126,0.35,-0.0376404494382022,-0.0422535211267605,-0.0194444444444444,89.0,71.0,18.0,30.56,28.16,27.98935756,26.47440771,201.0,389.0,137.1274193548387,105.34542083740234,47.65493392944336,0.07899284362792969,0.014811158180236816,0.024685263633728027,0.03455936908721924,0.024685263633728027
2022-01,0.6229166666666667,0.6266666666666667,0.6095238095238096,-0.3717708333333333,-0.3798666666666666,-0.3428571428571428,96.0,75.0,21.0,32.58,29.58,30.0655925,28.85765587,155.0,286.0,145.67000000000002,138.67498779296875,63.251529693603516,0.019391119480133057,0.014543339610099792,0.009695559740066528,0.053325578570365906,0.03878223896026611
2022-02,0.6004587155963304,0.595679012345679,0.6142857142857142,-0.3320183486238532,-0.3208641975308642,-0.3642857142857143,109.0,81.0,28.0,35.36,29.33,32.3260252,28.19175708,140.0,259.0,127.98964285714285,216.1590118408203,105.21830749511719,0.030202355235815048,0.060404710471630096,0.050337258726358414,0.08053961396217346,0.025168629363179207
2022-03,0.6635454545454547,0.6819354838709678,0.5629411764705883,-0.4141818181818182,-0.4488172043010753,-0.2247058823529412,110.0,93.0,17.0,39.1,29.9,36.80509799,28.5268061,229.0,527.0,186.61451612903227,318.9549255371094,250.9558563232422,0.048146363347768784,0.09629272669553757,0.06740491092205048,0.06740491092205048,0.05777563899755478
2022-04,0.5348958333333332,0.5441558441558442,0.4973684210526315,-0.2565624999999999,-0.2987012987012987,-0.0857894736842105,96.0,77.0,19.0,38.82,29.94,36.46166639,28.9364676,169.0,535.0,136.31366666666665,191.14309692382812,184.41781616210938,0.01749679259955883,0.04665811359882355,0.01749679259955883,0.0874839648604393,0.005832264199852943
2022-05,0.5269607843137255,0.5035714285714286,0.6361111111111111,-0.2087254901960784,-0.1754761904761904,-0.3638888888888889,102.0,84.0,18.0,42.1,31.97,40.30171958,30.48545508,190.0,407.0,133.7783870967742,142.25848388671875,140.13734436035156,0.028294946998357773,0.09054382890462875,0.02263595722615719,0.07356686145067215,0.03961292654275894
2022-06,0.5700000000000001,0.5649411764705883,0.5904761904761905,-0.2631132075471698,-0.2569411764705882,-0.288095238095238,106.0,85.0,21.0,44.78,34.31,42.32755356,32.95962641,153.0,356.0,133.46733333333333,130.7073211669922,114.81468963623047,0.035319048911333084,0.07063809782266617,0.04120555520057678,0.07063809782266617,0.035319048911333084
2022-07,0.5002020202020202,0.5298765432098765,0.3666666666666666,-0.1407070707070707,-0.2009876543209876,0.1305555555555555,99.0,81.0,18.0,40.05,34.94,36.76078618,33.46335085,223.0,399.0,146.90064516129033,117.17676544189453,97.83872985839844,0.034855350852012634,0.0987568274140358,0.017427675426006317,0.04066457599401474,0.011618450284004211
2022-08,0.4678947368421052,0.4682926829268292,0.4653846153846154,-0.1054736842105263,-0.1045121951219512,-0.1115384615384615,95.0,82.0,13.0,37.35,34.94,34.19264156,33.64668483,183.0,431.0,119.1632258064516,132.86322021484375,111.15857696533203,0.02960682101547718,0.06513500958681107,0.07105637341737747,0.05921364203095436,0.07105637341737747
2022-09,0.3922680412371134,0.4323863636363636,,-0.1056701030927835,-0.1164772727272727,,97.0,88.0,9.0,35.23,34.94,32.0324122,33.18826829,202.0,521.0,109.556,131.98587036132812,108.6280746459961,0.017673049122095108,0.02945508062839508,0.035346098244190216,0.05891016125679016,0.035346098244190216
2022-10,0.3506172839506172,0.3890410958904109,,-0.0561728395061728,-0.0623287671232876,,81.0,73.0,8.0,35.16,34.94,32.03818261,33.58216869,207.0,552.0,139.82999999999998,143.16241455078125,112.6750259399414,0.022719526663422585,0.05111893638968468,0.017039645463228226,0.08519823104143143,0.011359763331711292
2022-11,0.3958333333333333,0.4069444444444444,0.3291666666666666,-0.0395238095238095,-0.0648611111111111,0.1124999999999999,84.0,72.0,12.0,35.78,34.94,32.32290233,33.03429726,210.0,810.0,147.65466666666669,116.7162857055664,98.68260955810547,0.03991105407476425,0.3991105556488037,0.0114031583070755,0.068418949842453,0.022806316614151
2022-12,0.4029787234042553,0.4353749999999999,0.2178571428571429,-0.0973404255319149,-0.14625,0.1821428571428571,94.0,80.0,14.0,34.56612903,34.94,31.03622177,33.42913818,150.0,625.0,132.44451612903225,111.19593811035156,109.772216796875,0.024796973913908005,0.09918789565563202,0.0,0.024796973913908005,0.012398486956954002
2023-01,0.3604301075268817,0.354625,0.3961538461538461,0.0277419354838709,0.030375,0.0115384615384615,93.0,80.0,13.0,35.54,34.94,32.14220273,33.36723736,161.0,529.0,186.76645161290324,104.26704406738281,94.62993621826172,0.03158958628773689,0.03158958628773689,0.006317917723208666,0.06949709355831146,0.018953753635287285
2023-02,0.3240909090909091,0.3464102564102564,0.15,0.0389772727272727,-0.0085897435897435,0.41,88.0,78.0,10.0,36.08,34.57,32.83015917,32.78900147,153.0,514.0,120.97035714285714,120.99437713623047,103.02875518798828,0.020013341680169106,0.07338225841522217,0.013342227786779404,0.08005336672067642,0.13342228531837463
2023-03,0.3521978021978022,0.3614285714285714,0.3214285714285714,0.0505494505494505,0.01,0.1857142857142857,91.0,70.0,21.0,36,33.81,32.72622112,31.81852525,200.0,523.0,140.28096774193548,105.37997436523438,86.75404357910156,0.017690764740109444,0.06486614048480988,0.02358768694102764,0.02358768694102764,0.07665998488664627
2023-04,0.3303571428571428,0.3817073170731707,0.2813953488372093,-0.0371428571428571,-0.1114634146341463,0.0337209302325581,84.0,41.0,43.0,36.76,33.04,33.15460851,31.00570482,165.0,256.0,138.75733333333335,106.80965423583984,93.2484130859375,0.0064850845374166965,0.07133592665195465,0.032425422221422195,0.07133592665195465,0.07782100886106491
2023-05,0.3026315789473684,0.2860655737704918,0.37,-0.0324999999999999,-0.0650819672131147,0.1,76.0,61.0,15.0,35.12,32.21,30.96350982,30.01129514,205.0,405.0,190.45548387096773,108.46768188476562,92.75943756103516,0.012116805650293827,0.08481764048337936,0.0060584028251469135,0.08481764048337936,0.036350417882204056
2023-06,0.3264705882352941,0.3540322580645161,0.2521739130434782,-0.0735294117647058,-0.0782258064516129,-0.0608695652173913,85.0,62.0,23.0,35.17,31.94,31.65597828,29.84210132,179.0,385.0,122.38633333333334,110.52894592285156,95.2789077758789,0.030582910403609276,0.06728240102529526,0.02446632832288742,0.07951556891202927,0.018349746242165565
2023-07,0.3198717948717949,0.3456521739130435,0.2828125,-0.0564102564102564,-0.0358695652173913,-0.0859374999999999,78.0,46.0,32.0,36.74,31.94,33.1403047,29.93449259,133.0,435.0,101.65290322580644,107.44878387451172,91.76800537109375,0.02483855001628399,0.04967710003256798,0.02483855001628399,0.06830601394176483,0.02483855001628399
2023-08,0.2931818181818182,0.325,0.2316666666666666,0.0505681818181818,0.0336206896551724,0.0833333333333333,88.0,58.0,30.0,39.26,31.94,35.71571111,29.85754587,77.0,472.0,97.61935483870967,101.14118194580078,83.60504913330078,0.012134449556469917,0.042470574378967285,0.01820167526602745,0.0728067010641098,0.030336124822497368
2023-09,0.347,0.3493055555555555,0.3410714285714286,-0.0292,-0.0461111111111111,0.0142857142857142,100.0,72.0,28.0,39.76333333,31.20666667,36.42506737,29.15680098,118.0,642.0,89.22933333333334,98.63481140136719,68.4659194946289,0.024199891835451126,0.0967995673418045,0.060499727725982666,0.15124931931495667,0.06654970347881317
2023-10,0.3419540229885057,0.3849206349206349,0.2291666666666666,0.0227586206896551,-0.0487301587301587,0.2104166666666666,87.0,63.0,24.0,38.26290323,29.94,34.50943277,27.82656181,134.0,348.0,140.10999999999999,197.8870086669922,221.80393981933594,0.07165462523698807,0.07165462523698807,0.017913656309247017,0.04776975139975548,0.06568340957164764
2023-11,0.3357142857142857,0.365,0.2625,-0.0410714285714285,-0.09,0.08125,84.0,60.0,24.0,36.76333333,29.94,32.66354853,27.79318743,141.0,462.0,114.53366666666668,156.69613647460938,189.5543975830078,0.2816196382045746,0.2565867602825165,0.03754928335547447,0.11264785379171371,0.12516428530216217
2023-12,0.3468131868131868,0.3797183098591549,0.23,0.0194505494505494,-0.0630985915492957,0.3125,91.0,71.0,20.0,35.26935484,29.94,31.38917211,27.83472141,107.0,502.0,128.02548387096775,142.2794647216797,173.96380615234375,0.032183315604925156,0.05149330571293831,0.025746652856469154,0.06436663120985031,0.032183315604925156
2024-01,0.3485714285714285,0.3358695652173913,0.3729166666666667,-0.0057142857142857,-0.0082608695652173,-0.0008333333333333,70.0,46.0,24.0,35.64,29.94,32.10751164,28.00647709,131.0,606.0,143.06548387096774,160.3736572265625,208.4711456298828,0.05636978521943092,0.05636978521943092,0.03757985681295395,0.09394964575767517,0.012526619248092175
2024-02,0.3029411764705882,0.3536585365853658,0.2259259259259259,-0.0029411764705882,0.0182926829268292,-0.0351851851851851,68.0,41.0,27.0,37.89,29.94,34.6046619,27.75627275,107.0,678.0,133.40724137931034,146.59817504882812,171.18118286132812,0.0458025261759758,0.06543217599391937,0.052345745265483856,0.032716087996959686,0.01962965354323387
2024-03,0.2915384615384615,0.2688888888888889,0.3424999999999999,-0.0072307692307692,0.0455555555555555,-0.126,65.0,45.0,20.0,38.36612903,29.94,35.24674919,27.82292737,117.0,558.0,112.76225806451613,133.21316528320312,151.81399536132812,0.012294074520468712,0.036882221698760986,0.030735185369849205,0.036882221698760986,0.04302925989031792
2024-04,0.4421052631578948,0.4754716981132075,0.3652173913043478,-0.1085526315789473,-0.1537735849056603,-0.0043478260869565,76.0,53.0,23.0,39.92333333,30.49,36.67206353,28.56390458,139.0,407.0,119.90033333333332,163.9473419189453,165.99069213867188,0.05695842206478119,0.08227327466011047,0.018986139446496964,0.07594455778598785,0.07594455778598785
2024-05,0.3368852459016393,0.36,0.2928571428571428,-0.0565573770491803,-0.0425,-0.0833333333333333,61.0,40.0,21.0,38.90483871,31.66580645,35.15765161,29.59174194,124.0,322.0,91.20129032258063,130.52186584472656,133.154296875,0.012233912013471127,0.042818691581487656,0.024467824026942253,0.09175433963537216,0.018350869417190552
2024-06,0.3658730158730159,0.3554054054054054,0.3807692307692308,-0.0963492063492063,-0.0762162162162162,-0.125,63.0,37.0,26.0,37.89666667,32.94,34.32341,30.95521667,144.0,412.0,86.59966666666666,113.0927963256836,109.73841094970703,0.012680700048804283,0.0380420982837677,0.01902104914188385,0.10778594762086868,0.12046664953231812
2024-07,0.3646153846153846,0.3611111111111111,0.3725,-0.0972307692307692,-0.0793333333333333,-0.1375,65.0,45.0,20.0,38.78548387,32.94,35.13251078,30.77980968,145.0,730.0,144.071935483871,92.3948745727539,95.11029815673828,0.012316787615418434,0.03695036470890045,0.02463357523083687,0.05542554333806038,0.043108757585287094
2024-08,0.2364197530864197,0.2633928571428571,0.176,0.0537037037037037,0.0392857142857142,0.086,81.0,56.0,25.0,36.96935484,32.94,33.09112903,30.78319677,138.0,549.0,104.58612903225807,140.97506713867188,165.17947387695312,0.0506393201649189,0.06329914927482605,0.03797949105501175,0.06962906569242477,0.06962906569242477
2024-09,0.2737931034482759,0.3352380952380952,0.1125,0.0198275862068965,-0.0071428571428571,0.090625,58.0,42.0,16.0,35.68,32.94,31.76863333,30.82063667,127.0,425.0,100.904,130.35877990722656,135.5546112060547,0.03252878785133362,0.03903454542160034,0.026023030281066895,0.045540302991867065,0.07806909084320068
2024-10,0.3495402298850575,0.3631343283582089,0.304,-0.0534482758620689,-0.0567164179104477,-0.0425,87.0,67.0,20.0,35.38548387,32.94,31.84383871,30.93568065,109.0,477.0,117.2658064516129,130.689208984375,142.81838989257812,0.037096574902534485,0.14220353960990906,0.043279338628053665,0.043279338628053665,0.037096574902534485
2024-11,0.317910447761194,0.3322916666666666,0.281578947368421,-0.0567164179104477,-0.0322916666666666,-0.1184210526315789,67.0,48.0,19.0,35.84,32.94,32.14383,30.85664667,225.0,875.0,232.69233333333335,128.90164184570312,127.42887115478516,0.025187330320477486,0.025187330320477486,0.006296832580119371,0.09445249289274216,0.03148416429758072
2024-12,0.2548192771084338,0.2836065573770492,0.175,0.0487951807228915,0.0114754098360655,0.1522727272727272,83.0,61.0,22.0,36.17903226,32.06903226,32.49645161,30.84210968,219.0,681.0,184.91806451612902,142.36643981933594,164.81373596191406,0.0139091731980443,0.020863760262727737,0.0278183463960886,0.0278183463960886,0.03477293252944946
